cohortId,checksum,timeStamp
17492,4dc7d139288fc17f8028978a0c93e127,2021-04-07 22:33:23
17493,76a1f043fc718c2a6793a0691bed95d5,2021-04-07 22:33:23
17692,49abccf545ca81622643113e99611b33,2021-04-07 22:33:23
17693,280fcd2d394a5ac28e8df98266ef7be5,2021-04-07 22:33:23
17694,427c2951ad548c6681cb39706005752f,2021-04-07 22:33:23
17720,b42e802e02e60ef298c1643351e5ef8d,2021-04-07 22:33:23
17695,5df3bdce25d3625f4729e8eb666e6813,2021-04-07 22:33:23
14909,e313ed729fff59c1c1c8f26634c30e34,2021-04-07 22:33:23
18342,4dc7d139288fc17f8028978a0c93e127,2021-04-07 22:33:23
18345,7b0a4c1afa40fdf1ac7a8cfe3ab83d5b,2021-04-07 22:33:23
18346,f5363d8ed300f65bed500e293c31cce4,2021-04-07 22:33:23
18347,bbdc2789f1742b364b996fb35d87fa63,2021-04-07 22:33:23
18348,5c153e6336392f9c379d2b6aa3a42554,2021-04-07 22:33:23
18349,08144fa92dbb86f9d0731e39a97e380c,2021-04-07 22:33:23
18350,4fd372641d6d9f74c0492172103f64d1,2021-04-07 22:33:23
14906,7769d1d682eb99f137885f71f96c9185,2021-04-07 22:33:23
18351,939d15a0ea1c8925a05e5f21d9b1f127,2021-04-07 22:33:23
14907,11b98572057af835fd7fc29bf11d765e,2021-04-07 22:33:23
18352,9f51869efb47d1dcda4cc7a71677fde6,2021-04-07 22:33:23
21402,e4a85e6bf684efd9b442bdbd43d6cb0a,2021-04-07 22:33:23
